{
  "exemplars": [
    {
      "id": "H01",
      "region": "Himalayan",
      "feature": "Everest-Lhotse massif",
      "tiles": [
        "N27E086",
        "N28E086"
      ],
      "bounds": {
        "left": 86.3498611111464,
        "bottom": 27.800138888884625,
        "right": 86.94986111114648,
        "top": 28.300138888884693
      },
      "pixel_size": {
        "x_deg": 0.0011718750000001554,
        "y_deg": -0.0009765625000001318
      },
      "output_path": "C:\\Users\\Michael\\Documents\\Unreal Projects\\PlanetaryCreation\\StageB_SRTM90\\cropped\\H01.tif",
      "statistics": {
        "min": 2987.7255859375,
        "max": 8720.5400390625,
        "mean": 5395.677326710895,
        "stddev": 666.2620476365826
      }
    },
    {
      "id": "H02",
      "region": "Himalayan",
      "feature": "Annapurna sanctuary",
      "tiles": [
        "N28E083",
        "N28E084"
      ],
      "bounds": {
        "left": 83.399861111146,
        "bottom": 28.300138888884693,
        "right": 84.0998611111461,
        "top": 28.950138888884776
      },
      "pixel_size": {
        "x_deg": 0.0013671875000001998,
        "y_deg": -0.0012695312500001638
      },
      "output_path": "C:\\Users\\Michael\\Documents\\Unreal Projects\\PlanetaryCreation\\StageB_SRTM90\\cropped\\H02.tif",
      "statistics": {
        "min": 452.8299255371094,
        "max": 8107.68603515625,
        "mean": 3912.6845646497095,
        "stddev": 1438.0783391766488
      }
    },
    {
      "id": "H03",
      "region": "Himalayan",
      "feature": "Kangchenjunga saddle",
      "tiles": [
        "N27E087",
        "N27E088"
      ],
      "bounds": {
        "left": 87.99986111114659,
        "bottom": 27.350138888884562,
        "right": 88.69986111114669,
        "top": 27.95013888888464
      },
      "pixel_size": {
        "x_deg": 0.0013671875000001998,
        "y_deg": -0.0011718750000001554
      },
      "output_path": "C:\\Users\\Michael\\Documents\\Unreal Projects\\PlanetaryCreation\\StageB_SRTM90\\cropped\\H03.tif",
      "statistics": {
        "min": 501.2586975097656,
        "max": 8344.9462890625,
        "mean": 4094.979155265144,
        "stddev": 1438.3420254802186
      }
    },
    {
      "id": "H04",
      "region": "Himalayan",
      "feature": "Baltoro glacier / K2",
      "tiles": [
        "N35E076"
      ],
      "bounds": {
        "left": 76.09986111114505,
        "bottom": 35.20013888888561,
        "right": 76.89986111114516,
        "top": 35.9001388888857
      },
      "pixel_size": {
        "x_deg": 0.0015625000000002165,
        "y_deg": -0.001367187500000172
      },
      "output_path": "C:\\Users\\Michael\\Documents\\Unreal Projects\\PlanetaryCreation\\StageB_SRTM90\\cropped\\H04.tif",
      "statistics": {
        "min": 2423.95361328125,
        "max": 8520.662109375,
        "mean": 4944.180072628893,
        "stddev": 862.3537252004685
      }
    },
    {
      "id": "H05",
      "region": "Himalayan",
      "feature": "Nanga Parbat massif",
      "tiles": [
        "N34E074",
        "N34E075",
        "N35E074",
        "N35E075"
      ],
      "bounds": {
        "left": 74.3998611111448,
        "bottom": 34.90013888888557,
        "right": 75.0998611111449,
        "top": 35.700138888885675
      },
      "pixel_size": {
        "x_deg": 0.0013671875000001998,
        "y_deg": -0.0015625000000002026
      },
      "output_path": "C:\\Users\\Michael\\Documents\\Unreal Projects\\PlanetaryCreation\\StageB_SRTM90\\cropped\\H05.tif",
      "statistics": {
        "min": 1068.6888427734375,
        "max": 8021.83837890625,
        "mean": 3781.7595326500013,
        "stddev": 939.8958008868543
      }
    },
    {
      "id": "H06",
      "region": "Himalayan",
      "feature": "Bhutan high ridge",
      "tiles": [
        "N27E089",
        "N27E090",
        "N28E089",
        "N28E090"
      ],
      "bounds": {
        "left": 89.99986111114687,
        "bottom": 27.600138888884597,
        "right": 90.69986111114697,
        "top": 28.200138888884677
      },
      "pixel_size": {
        "x_deg": 0.0013671875000001998,
        "y_deg": -0.0011718750000001554
      },
      "output_path": "C:\\Users\\Michael\\Documents\\Unreal Projects\\PlanetaryCreation\\StageB_SRTM90\\cropped\\H06.tif",
      "statistics": {
        "min": 1727.8177490234375,
        "max": 7453.2548828125,
        "mean": 4619.9014135738835,
        "stddev": 906.7280907811466
      }
    },
    {
      "id": "H07",
      "region": "Himalayan",
      "feature": "Nyainq\u00eantanglha range",
      "tiles": [
        "N29E090",
        "N29E091",
        "N30E090",
        "N30E091"
      ],
      "bounds": {
        "left": 90.99986111114698,
        "bottom": 29.9001388888849,
        "right": 91.69986111114709,
        "top": 30.600138888884995
      },
      "pixel_size": {
        "x_deg": 0.0013671875000001998,
        "y_deg": -0.001367187500000186
      },
      "output_path": "C:\\Users\\Michael\\Documents\\Unreal Projects\\PlanetaryCreation\\StageB_SRTM90\\cropped\\H07.tif",
      "statistics": {
        "min": 3751.212890625,
        "max": 5776.64599609375,
        "mean": 4688.654010812752,
        "stddev": 408.2402823582948
      }
    },
    {
      "id": "A01",
      "region": "Andean",
      "feature": "Cordillera Blanca",
      "tiles": [
        "S10W078",
        "S09W078"
      ],
      "bounds": {
        "left": -77.90013888887538,
        "bottom": -9.59986111112033,
        "right": -77.10013888887526,
        "top": -8.899861111120238
      },
      "pixel_size": {
        "x_deg": 0.0015625000000002165,
        "y_deg": -0.001367187500000179
      },
      "output_path": "C:\\Users\\Michael\\Documents\\Unreal Projects\\PlanetaryCreation\\StageB_SRTM90\\cropped\\A01.tif",
      "statistics": {
        "min": 1101.04638671875,
        "max": 6714.7119140625,
        "mean": 3886.233257999178,
        "stddev": 789.8999315342372
      }
    },
    {
      "id": "A02",
      "region": "Andean",
      "feature": "Huayhuash knot",
      "tiles": [
        "S11W077",
        "S10W077"
      ],
      "bounds": {
        "left": -76.95013888887524,
        "bottom": -10.29986111112042,
        "right": -76.20013888887514,
        "top": -9.69986111112034
      },
      "pixel_size": {
        "x_deg": 0.0014648437500001943,
        "y_deg": -0.0011718750000001554
      },
      "output_path": "C:\\Users\\Michael\\Documents\\Unreal Projects\\PlanetaryCreation\\StageB_SRTM90\\cropped\\A02.tif",
      "statistics": {
        "min": 1845.608642578125,
        "max": 6421.91162109375,
        "mean": 3765.9463972803205,
        "stddev": 597.5663020225621
      }
    },
    {
      "id": "A03",
      "region": "Andean",
      "feature": "Vilcabamba (Cusco)",
      "tiles": [
        "S14W074",
        "S13W074"
      ],
      "bounds": {
        "left": -73.80013888887483,
        "bottom": -13.199861111120804,
        "right": -73.10013888887474,
        "top": -12.599861111120724
      },
      "pixel_size": {
        "x_deg": 0.001367187500000172,
        "y_deg": -0.0011718750000001554
      },
      "output_path": "C:\\Users\\Michael\\Documents\\Unreal Projects\\PlanetaryCreation\\StageB_SRTM90\\cropped\\A03.tif",
      "statistics": {
        "min": 571.9119262695312,
        "max": 4558.59765625,
        "mean": 2149.1603259376716,
        "stddev": 937.731199833448
      }
    },
    {
      "id": "A04",
      "region": "Andean",
      "feature": "Ausangate\u2013Sibinacocha",
      "tiles": [
        "S15W072",
        "S15W071",
        "S14W072",
        "S14W071"
      ],
      "bounds": {
        "left": -71.40013888887451,