{
  "exemplars": [
    {
      "id": "H01",
      "region": "Himalayan",
      "feature": "Everest-Lhotse massif",
      "tiles": [
        "N27E086"
      ],
      "bounds": {
        "left": 86.3498611111464,
        "bottom": 27.80013888888462,
        "right": 86.94986111114648,
        "top": 28.30013888888469
      },
      "pixel_size": {
        "x_deg": 0.0011718750000001554,
        "y_deg": -0.0009765625000001318
      },
      "output_path": "C:\\Users\\Michael\\Documents\\Unreal Projects\\PlanetaryCreation\\StageB_SRTM90\\cropped\\H01.tif",
      "statistics": {
        "min": 2986.02392578125,
        "max": 8722.4951171875,
        "mean": 5140.224757987697,
        "stddev": 680.8481045752166
      }
    },
    {
      "id": "H02",
      "region": "Himalayan",
      "feature": "Annapurna sanctuary",
      "tiles": [
        "N28E083"
      ],
      "bounds": {
        "left": 83.399861111146,
        "bottom": 28.300138888884693,
        "right": 84.0998611111461,
        "top": 28.950138888884776
      },
      "pixel_size": {
        "x_deg": 0.0013671875000001998,
        "y_deg": -0.0012695312500001638
      },
      "output_path": "C:\\Users\\Michael\\Documents\\Unreal Projects\\PlanetaryCreation\\StageB_SRTM90\\cropped\\H02.tif",
      "statistics": {
        "min": 392.9158935546875,
        "max": 8108.5009765625,
        "mean": 3825.1674491749536,
        "stddev": 1442.498703746345
      }
    },
    {
      "id": "H03",
      "region": "Himalayan",
      "feature": "Kangchenjunga saddle",
      "tiles": [
        "N27E088"
      ],
      "bounds": {
        "left": 87.99986111114663,
        "bottom": 27.350138888884562,
        "right": 88.69986111114672,
        "top": 27.95013888888464
      },
      "pixel_size": {
        "x_deg": 0.001367187500000172,
        "y_deg": -0.0011718750000001554
      },
      "output_path": "C:\\Users\\Michael\\Documents\\Unreal Projects\\PlanetaryCreation\\StageB_SRTM90\\cropped\\H03.tif",
      "statistics": {
        "min": 501.2586975097656,
        "max": 8344.9462890625,
        "mean": 4094.979155265144,
        "stddev": 1438.3420254802186
      }
    },
    {
      "id": "H04",
      "region": "Himalayan",
      "feature": "Baltoro glacier / K2",
      "tiles": [
        "N35E076"
      ],
      "bounds": {
        "left": 76.09986111114505,
        "bottom": 35.20013888888561,
        "right": 76.89986111114516,
        "top": 35.9001388888857
      },
      "pixel_size": {
        "x_deg": 0.0015625000000002165,
        "y_deg": -0.001367187500000172
      },
      "output_path": "C:\\Users\\Michael\\Documents\\Unreal Projects\\PlanetaryCreation\\StageB_SRTM90\\cropped\\H04.tif",
      "statistics": {
        "min": 2423.95361328125,
        "max": 8520.662109375,
        "mean": 4944.180072628893,
        "stddev": 862.3537252004685
      }
    },
    {
      "id": "H05",
      "region": "Himalayan",
      "feature": "Nanga Parbat massif",
      "tiles": [
        "N35E074"
      ],
      "bounds": {
        "left": 74.3998611111448,
        "bottom": 34.90013888888557,
        "right": 75.0998611111449,
        "top": 35.700138888885675
      },
      "pixel_size": {
        "x_deg": 0.0013671875000001998,
        "y_deg": -0.0015625000000002026
      },
      "output_path": "C:\\Users\\Michael\\Documents\\Unreal Projects\\PlanetaryCreation\\StageB_SRTM90\\cropped\\H05.tif",
      "statistics": {
        "min": 1067.6182861328125,
        "max": 8027.93701171875,
        "mean": 3730.714046479513,
        "stddev": 1022.7578014570562
      }
    },
    {
      "id": "H06",
      "region": "Himalayan",
      "feature": "Bhutan high ridge",
      "tiles": [
        "N27E090"
      ],
      "bounds": {
        "left": 89.99986111114686,
        "bottom": 27.600138888884597,
        "right": 90.69986111114694,
        "top": 28.200138888884677
      },
      "pixel_size": {
        "x_deg": 0.001367187500000172,
        "y_deg": -0.0011718750000001554
      },
      "output_path": "C:\\Users\\Michael\\Documents\\Unreal Projects\\PlanetaryCreation\\StageB_SRTM90\\cropped\\H06.tif",
      "statistics": {
        "min": 1721.4395751953125,
        "max": 5888.158203125,
        "mean": 4243.276337630588,
        "stddev": 770.9853177354269
      }
    },
    {
      "id": "H07",
      "region": "Himalayan",
      "feature": "Nyainq\u00eantanglha range",
      "tiles": [
        "N30E091"
      ],
      "bounds": {
        "left": 90.99986111114703,
        "bottom": 29.9001388888849,
        "right": 91.69986111114711,
        "top": 30.600138888884995
      },
      "pixel_size": {
        "x_deg": 0.001367187500000172,
        "y_deg": -0.001367187500000186
      },
      "output_path": "C:\\Users\\Michael\\Documents\\Unreal Projects\\PlanetaryCreation\\StageB_SRTM90\\cropped\\H07.tif",
      "statistics": {
        "min": 3917.3974609375,
        "max": 5777.4052734375,
        "mean": 4758.441099222266,
        "stddev": 367.5249184109612
      }
    },
    {
      "id": "A01",
      "region": "Andean",
      "feature": "Cordillera Blanca",
      "tiles": [
        "S09W078"
      ],
      "bounds": {
        "left": -77.90013888887538,
        "bottom": -9.59986111112033,
        "right": -77.10013888887526,
        "top": -8.899861111120238
      },
      "pixel_size": {
        "x_deg": 0.0015625000000002165,
        "y_deg": -0.001367187500000179
      },
      "output_path": "C:\\Users\\Michael\\Documents\\Unreal Projects\\PlanetaryCreation\\StageB_SRTM90\\cropped\\A01.tif",
      "statistics": {
        "min": 1927.36083984375,
        "max": 5875.8603515625,
        "mean": 3516.9586186278357,
        "stddev": 896.4093222258637
      }
    },
    {
      "id": "A02",
      "region": "Andean",
      "feature": "Huayhuash knot",
      "tiles": [
        "S10W077"
      ],
      "bounds": {
        "left": -76.95013888887524,
        "bottom": -10.29986111112042,
        "right": -76.20013888887514,
        "top": -9.69986111112034
      },
      "pixel_size": {
        "x_deg": 0.0014648437500001943,
        "y_deg": -0.0011718750000001554
      },
      "output_path": "C:\\Users\\Michael\\Documents\\Unreal Projects\\PlanetaryCreation\\StageB_SRTM90\\cropped\\A02.tif",
      "statistics": {
        "min": 1845.608642578125,
        "max": 4634.36572265625,
        "mean": 3642.1300351256505,
        "stddev": 569.4486950451156
      }
    },
    {
      "id": "A03",
      "region": "Andean",
      "feature": "Vilcabamba (Cusco)",
      "tiles": [
        "S13W074"
      ],
      "bounds": {
        "left": -73.80013888887483,
        "bottom": -13.199861111120804,
        "right": -73.10013888887474,
        "top": -12.599861111120724
      },
      "pixel_size": {
        "x_deg": 0.001367187500000172,
        "y_deg": -0.0011718750000001554
      },
      "output_path": "C:\\Users\\Michael\\Documents\\Unreal Projects\\PlanetaryCreation\\StageB_SRTM90\\cropped\\A03.tif",
      "statistics": {
        "min": 571.745361328125,
        "max": 4324.43310546875,
        "mean": 1859.863945708946,
        "stddev": 808.7007683776562
      }
    },
    {
      "id": "A04",
      "region": "Andean",
      "feature": "Ausangate\u2013Sibinacocha",
      "tiles": [
        "S14W071"
      ],
      "bounds": {
        "left": -71.40013888887451,
        "bottom": -14.599861111120997,
        "right": -70.60013888887441,
        "top": -13.899861111120906
      },
      "pixel_size": {
        "x_deg": 0.0015625000000001887,
        "y_deg": -0.001367187500000179
      },
      "output_path": "C:\\Users\\Michael\\Documents\\Unreal Projects\\PlanetaryCreation\\StageB_SRTM90\\cropped\\A04.tif",